﻿<parameters>
  <parameter name="IIS Web Application Name" defaultValue="Default Web Site/Cuisine_deploy" tags="IisApp">
    <parameterEntry kind="ProviderPath" scope="IisApp" match="^C:\\Users\\neccar\\Cuisine\\Cuisine\\Cuisine\\Cuisine\\obj\\Debug\\Package\\PackageTmp$" />
    <parameterEntry kind="ProviderPath" scope="setAcl" match="^C:\\Users\\neccar\\Cuisine\\Cuisine\\Cuisine\\Cuisine\\obj\\Debug\\Package\\PackageTmp$" />
  </parameter>
  <parameter name="Add write permission to App_Data Folder" description="Add write permission to App_Data folder" defaultValue="{IIS Web Application Name}/App_Data" tags="Hidden">
    <parameterEntry kind="ProviderPath" scope="setAcl" match="^C:\\Users\\neccar\\Cuisine\\Cuisine\\Cuisine\\Cuisine\\obj\\Debug\\Package\\PackageTmp\\App_Data$" />
  </parameter>
  <parameter name="CuisineEntities-Web.config Connection String" description="CuisineEntities Connection String used in web.config by the application to access the database." defaultValue="Data Source=|DataDirectory|Cuisine.sdf" tags="SqlConnectionString">
    <parameterEntry kind="XmlFile" scope="C:\\Users\\neccar\\Cuisine\\Cuisine\\Cuisine\\Cuisine\\obj\\Debug\\Package\\PackageTmp\\Web\.config$" match="/configuration/connectionStrings/add[@name='CuisineEntities']/@connectionString" />
  </parameter>
  <parameter name="DefaultConnection-Web.config Connection String" description="DefaultConnection Connection String used in web.config by the application to access the database." defaultValue="Data Source=|DataDirectory|Cuisine.sdf" tags="SqlConnectionString">
    <parameterEntry kind="XmlFile" scope="C:\\Users\\neccar\\Cuisine\\Cuisine\\Cuisine\\Cuisine\\obj\\Debug\\Package\\PackageTmp\\Web\.config$" match="/configuration/connectionStrings/add[@name='DefaultConnection']/@connectionString" />
  </parameter>
</parameters>